"DESCRIPTION","DURATION IN MS","NAME","PARENT SUITE","START TIME","STATUS","STOP TIME","SUB SUITE","SUITE","TEST CLASS","TEST METHOD"
"","4001","Test Case 2: Login User with correct email and password","firefox","Sun Oct 04 07:53:57 UTC 2026","passed","Sun Oct 04 07:54:01 UTC 2026","@smoke","login.spec.js","",""
"","2721","Test Case 6: Contact Us Form","chromium","Sun Oct 04 07:54:13 UTC 2026","passed","Sun Oct 04 07:54:16 UTC 2026","@smoke","contact-us.spec.js","",""
"","5087","Test Case 2: Login User with correct email and password","webkit","Sun Oct 04 07:54:15 UTC 2026","passed","Sun Oct 04 07:54:20 UTC 2026","@smoke","login.spec.js","",""
"","5823","Test Case 1: Register User","chromium","Sun Oct 04 07:54:19 UTC 2026","passed","Sun Oct 04 07:54:25 UTC 2026","@smoke","register.spec.js","",""
"","2489","Test Case 2: Login User with correct email and password","chromium","Sun Oct 04 07:54:16 UTC 2026","passed","Sun Oct 04 07:54:19 UTC 2026","@smoke","login.spec.js","",""
"","10405","Test Case 6: Contact Us Form","webkit","Sun Oct 04 07:54:04 UTC 2026","passed","Sun Oct 04 07:54:14 UTC 2026","@smoke","contact-us.spec.js","",""
"","4638","Test Case 6: Contact Us Form","firefox","Sun Oct 04 07:53:52 UTC 2026","passed","Sun Oct 04 07:53:57 UTC 2026","@smoke","contact-us.spec.js","",""
"","11702","Test Case 1: Register User","webkit","Sun Oct 04 07:54:20 UTC 2026","passed","Sun Oct 04 07:54:32 UTC 2026","@smoke","register.spec.js","",""
"","8397","Test Case 1: Register User","firefox","Sun Oct 04 07:54:01 UTC 2026","passed","Sun Oct 04 07:54:10 UTC 2026","@smoke","register.spec.js","",""
